pro1, pro2, pro3, pro4, pro5
0.2,0.0,0.015654124,0.071561709,0.09168844
0.2,0.0,0.015909772,0.075003209,0.104549928
0.2,0.0,0.018475052,0.078518969,0.108540928
0.2,0.0,0.018767768,0.079763012,0.096184809
0.2,0.0,0.016678129,0.083390643,0.111981721






















